{"cameraMode":{"drawMode":0,"name":"Shaded","section":"Shading Mode"},"sceneLighting":true,"audioPlay":false,"sceneViewState":{"showFog":false,"showMaterialUpdate":false,"showSkybox":false,"showFlares":false,"showImageEffects":false,"showParticleSystems":false},"in2DMode":false,"pivot":{"x":948.905517578125,"y":366.8736267089844,"z":433.98590087890627},"rotation":{"x":0.09763122349977493,"y":-0.02149188332259655,"z":0.002108877059072256,"w":0.9949883818626404},"size":1191.052001953125,"orthographic":false}